Product Title,SKU,Platform,Orders,Units
Factory-renewed Bose VCS-10 Center Channel Speaker - Black,B00005T3NH,Amazon,6,6
"Bose Solo 5 TV Soundbar Sound System with Universal Remote Control, Black",B01AWLPUAG,Amazon,4,4
Bose Companion 2 Series III Multimedia Speakers - for PC (with 3.5mm AUX & PC Input) Black,B00CD1PTF0,Amazon,3,3
Bose SoundDock Series II 30-Pin iPod/iPhone Speaker Dock (Black) (Renewed),,Amazon,3,3
"Replacement 2.75-Inch Bose Wave Full-Range Speaker, 25 Watts, Cloth Edge",04911,Amazon,3,4
Replacement Bose Acoustimass Double Cube Speaker (White),,Amazon,3,6
"Bose 251 Environmental Speakers, Premium Outdoor Speakers - White",B00006I53D,Amazon,2,2
"Bose Acoustimass 10 Series V Home Theater Speaker System, Black",B00TVFO0B0,Amazon,2,2
"Bose Home Theater System Smart Ultra Dolby Atmos Soundbar, Bass Module 700 2X Wireless Surround Speaker, (Black)",04891,Amazon,2,2
"Bose Solo Series II 3-Inch Soundbar with Two Angled Full-Range Drivers, Built-In Dolby, and Front LED Lights (Black) (Renewed)",B098BLCW79,Amazon,2,2
Bose SoundDock Series II 30-Pin iPod/iPhone Speaker Dock (Black) (Renewed),No data,Amazon,2,2
"Bose TV Speaker with Bass Module 500 for Soundbars, Black",01814,Amazon,2,2
Bose Wave Radio / CD - Graphite Gray Black (Renewed),No data,Amazon,2,2
"2 Pack 251 Outdoor Environmental Speakers (Pair), Black with H&A 16 AWG Speaker Wire 100'",B0BRMW5MSJ,Amazon,1,1
"5.1 Surround Sound Speaker System, Bose Home Theater Setup with 4 Satellite Speakers and Center Speaker, Black",05090,Amazon,1,1
"Bose 2 Pack 251 Outdoor Environmental Speakers (Pair), White with H&A 16 AWG Speaker Wire 100'",B0BRMV97WL,Amazon,1,1
"Bose 2 Pack 251 Outdoor Environmental Speakers (Pair), White with H&A 16 AWG Speaker Wire 100' (Renewed)",B0GZ59LWJV,Amazon,1,1
"Bose 251 Outdoor Environmental Speakers (Pair), Black with Music Amplifier",No data,Amazon,1,1
"Bose 251 Outdoor Environmental Speakers (Pair), White with Music Amplifier",,Amazon,1,1
"Bose 251 Outdoor Environmental Speakers (Pair), White with Music Amplifier",B0BRMV9GRJ,Amazon,1,1
"Bose 301 Series IV (Pair, genuine walnut)",01658,ECWID,1,1
"Bose 731396-1200 SoundTouch 10 Wireless Speaker, Works with Alexa, White",B011IH67NC,Amazon,1,1
Bose Acoustimass 10 Series IV Home Entertainment Speaker System - Black,B000GFPTQY,Amazon,1,1
Bose Acoustimass 10 Series IV Home Entertainment Speaker System - Black,00800-B,Amazon,1,2
Bose Companion 2 Series III Multimedia Speaker System (Black),B098825YYZ,Amazon,1,1
Bose LSPS Powered Subwoofer for Lifestyle 18 28 35 38 48 - Black,00700,ECWID,1,1
"BOSE Solo 5 TV Soundbar Sound System Sleek Slim Design Bluetooth Connectivity, Black (Renewed)",B07JJYMMHZ,Amazon,1,1
"BOSE Solo 5 TV Soundbar Sound System Sleek Slim Design Bluetooth Connectivity, Black (Renewed)",,Amazon,1,1
"Bose Solo 5 TV Soundbar Sound System with Universal Remote Control, Black",836,Amazon,1,1
"Bose Speaker Stands, for Omnijewel Lifestyle 650, Surround Speaker 700 - Pair",,eBay,1,1
Bose Surround Speakers 700 Black,01815-1,eBay,1,1
"Bose Surround Speakers 700, White",95,Amazon,1,1
"Bose Surround Speakers, White",B07F3BBM9D,Amazon,1,1
"Bose TV Speaker - Soundbar for TV with Bluetooth and HDMI-ARC Connectivity, All-in-One Compact Soundbar, Includes Remote Control, Black",,Amazon,1,1
"Bose TV Speaker - Soundbar for TV with Bluetooth and HDMI-ARC Connectivity, All-in-One Compact Soundbar, Includes Remote Control, Black",00799,Amazon,1,1
Bose UB-20 Series II Wall/Ceiling Bracket Black,,Amazon,1,2
Bose UFS-20 Series II Universal Floor Stands,B00ODYZNGU,Amazon,1,1
Bose Wave Music System II CD Player AM/FM Radio  - Model AWRCC2 - FREE SHIPPING,,eBay,1,1
Bose Wave Music System IV - Espresso Black,B011IH6MBO,Amazon,1,1
Bose Wave Radio CD Player AWRC1G Display Cover only,,eBay,1,1
Bose® Lifestyle® T20 Home Theater System-Black,B003JQLPWY,Amazon,1,1
Bose® UFS-20 Universal floorstands (Pair) – White,01062,Amazon,1,1
Complete Rock Band 4 bundle  for Playstation 5 w Guitar Controller and Dongle,,eBay,1,1
Factory-renewed Bose VCS-10 Center Channel Speaker - Black,1279,Amazon,1,1
Lifestyle SA-3 Amplifier,,Amazon,1,1
Miliket-Colusa Vietnam Noodles - Miliket Shrimp Flavor Instant Noodles (pack of 10),B07CTJRZGV,Amazon,1,1
"NEW Bose 251 Environmental Speakers, Premium Outdoor Speakers - Black",,eBay,1,1
NEW Bose Wave SoundTouch Music System IV Pedestal  | TESTED | 412634,,eBay,1,1
"Replacement 2.75-Inch Bose Wave Full-Range Speaker, 25 Watts, Cloth Edge",B0DNWVF1PF,Amazon,1,2
Replacement Bluetooth WiFi SoundTouch Pedestal for Bose Wave Music System IV Espresso Black,B0F6WHQJNX,Amazon,1,1
Replacement Bose 3·2·1® Home Entertainment System (Series I) Subwoofer Only,B0DW6GZZC7,Amazon,1,1
Replacement Bose Acoustimass Double Cube Speaker (White),00118,Amazon,1,1
Replacement Bose Acoustimass Double Cube Speaker (White),B0FTB63DVY,Amazon,1,2
USAV Bose Wall Mount Brackets for Bose Cube Speaker - Single - Black,B0C7FKK5X1,Amazon,1,2
USAV Metal Wall Mount Bracket for Bose Acoustimass Satellite Speaker - White Single,B0CVR2Q6W5,Amazon,1,3
USAV Wall Mount Brackets for White Bose 101 Speaker - Pair,B0CVR15NP8,Amazon,1,2
Wave Multi-CD Changer Silver for Wave Music System IV,B0D6JHWN1D,Amazon,1,1
