Item number,Title,Custom label (SKU),Condition
265031020609,Bose Lifestyle AV28 DVD/CD Media Center Console Only - For PARTS,,For parts or not working
255068836080,Bose Multi Disc 5 CD Changer for Acoustic Wave II CD-3000 -Black- PARTS ONLY,,For parts or not working
255068839222,Bose Multi Disc 5 CD Changer for Acoustic Wave II CD-3000 -White- PARTS ONLY,,For parts or not working
265697933564,Bose Wave Music System II White - AWRCC2,,Used
265697944393,Bose Wave Music System (Graphite Gray) with Alexa Amazon Echo Dot -FREE SHIPPING,,Used
255541810009,Bose 321 or CineMate GS Gemstone Speakers - Pair,,Used
265698072719,Media Center w HDMI input out Upgrade kit for Bose Lifestyle 28 Series III,,Used
255541942208,Bose 3-2-1 series II Media center only for Bose 321 Series II,,Used
265699837016,"Bose 321 GSX DVD , 3-2-1 GSX series II Media center only - B Grade",,Used
265703453098,Bose SoundDock Portable with Bluetooth Adapter (Black),,Used
255562335574,Bose Wave Music System (Graphite Gray) with Bluetooth Adapter,,Used
255562335825,Bose 3-2-1 Cinemate Home Theater System Speaker- Pair -Grey (Cloth Grill),,Used
255565221978,Replacement Bose 3-2-1 321 Series II Subwoofer - B Grade,,Used
265728482814,Bose Lifestyle V10 Home Theater System - White,,Used
265730152611,40FT Speaker Cable for rear Bose cube speaker Acoustimass Lifestyle - Single,806,New
265730153783,20FT Speaker Cable for Front Bose Cube speaker Acoustimass Lifestyle - Single,805,New
255575271784,Set of 5 - 16 Gauge Speaker Cable for Bose Lifestyle Spk - RCA to Bare Wire,815,New
265730206847,Wall Mount brackets For White Bose 151 speaker - Pair,,New
265730213229,Steel Wall Mount brackets For Bose 151 101 speaker - Pair,,New
265730287734,5 Speaker Cables for Bose Lifestyle V10 V20 V25 - RCA to Bare Wire Black/Red,808,New
255581049861,02 Speaker Cable for rear Bose Acoustimass 16 15 Series II - RCA to Bare Wire,815,New
255581056502,Set of 8 Wall Mount brackets For Bose Lifestyle Satellite speaker - Black,,New
255581072743,40FT White Speaker Cable for Bose Cube speaker Acoustimass Lifestyle - Single,953,New
255581077635,20FT White Speaker Cable for Bose Cube speaker Acoustimass Lifestyle - Single,952,New
255581086075,Steel Wall Mount brackets For Bose Video RoomMate speaker - PAIR,,New
265735746857,Wall Mount Ceiling Bracket for Bose Lifestyle Cube Speaker - Pair - White,,New
265735751795,Wall Mount Ceiling Bracket for Bose Lifestyle Cube Speaker - Pair - White,,New
255581113825,Metal Wall mount bracket for Bose 321 or Cinemate Speakers- Single,,New
265735795821,HDMI Output Upgrade Kit For Bose Lifestyle AV18 AV28 AV38 AV48,,New
265735802673,Bose 3-2-1 Home Theater System Speaker Cable (Subwoofer to Speakers),,Used
255581144402,Bose SoundDock w Bluetooth Adapter-Series II 30-Pin iPod/iPhone Speak (Silver),,Used
255584262923,Genuine Bose 2 Prong Power Cord for Lifestyle PS28 18 38 48 Series III Subwoofer,,Used
265745813589,Bose Wireless Acoustimass module for Bose Cinemate 520/ Sountouch 520,,Used
255615674531,"Genuine Bose 2 Prong Power Cord for Bose 321 Series I II III, Bose Cinemate II",,Used
265770328489,Bose Lifestyle SA-2 amplifier,,Used
255619023035,Bose Lifestyle SA-3 2 Channel Power Amplifier,,Used
265776159600,"Bose Bare Speaker Wire Adapter, RCA (White)",,Used
265777477727,Bose Lifestyle Stereo Amplifier Amp 1v,,Used
255631208447,"Genuine Bose 2 Prong Power Cord for Bose Subwoofer Cinemate I II, Cinemate 15 10",,Used
255639042391,Speakers & Speaker Cable For BOSE Lifestyle 235 2.1 Channel Home Theater System,1399,Used
265788697469,Pair of Speaker for BOSE Lifestyle 235 2.1 Channel Home Theater System,,Used
265788840863,Bose Lifestyle 235 2.1-Channel Home Theater System,,Used
255640529016,Bose Speaker Cable For BOSE Lifestyle 235 2.1 Channel Home Theater System,1402,Used
265798219336,Bose Jewel Cube Speaker Black with adapter for Lifestyle 28 30 V30 35 48 V35 535,724,Used
255650691403,"Wall-mount kit for Bose Solo 5, SoundTouch 120, CineMate 120",,New
255650740555,Bose Wall Mount Ceiling Bracket for Bose Lifestyle Cube Speaker. Single- Silver,,Used
255650748138,Steel Wall Mount brackets For Bose VS-100 speaker VS100 - PAIR,,New
265801489352,Wall Mount Brackets (Pair) for Bose 321 Satellite speakers,,New
255650778081,Wall Mount Brackets for Bose Lifestyle V10 V20 V25 - Pair Black,,New
265801542489,Wall Mount brackets For Silver Bose Cube speaker - Silver Pair,,New
265801552166,Wall Mount Ceiling Bracket for Bose Lifestyle Jewel Cube Speakers - Pair - White,,New
265801562161,"Plastic wall mount bracket for Bose 161 151 Speaker (Pair, White)",,New
255650823748,Metal Wall Mount bracket For Bose Lifestyle speaker - Black Single,,New
255650910410,Metal Wall Mount bracket For Bose Cube Lifestyle speaker - White PAIR,,New
265801727293,Wall Ceiling Bracket Mount fit for Bose Lifestyle Soundtouch 535 535 520,,New
255651002427,BOSE Model 100 Speakers with wall mount bracket,,Used
265801740336,Wall Mount Ceiling Bracket for VIZIO V-Series surround Speaker - Pair - Black,,New
255656822218,Wall Mount Bracket for Bose V-100 video speaker -Black Single,,Used
255656831149,"Replacement Bose Surround Speaker (Single, Grey) with Wall Mount Bracket",,Used
265808477105,Wall Mount Brackets Black (Pair) for Bose Cinemate Series II Satellite Speakers,,New
265808481839,Genuine Bose Wall Mount brackets For Bose Cube speaker - Single - White,,Used
255656865678,wall mount bracket for Bose 161 Speaker - Black -Pair-FREE 3 DAYS SHIPPING,,New
265808490648,Wall Mount Stand Brackets - Pair for Bose Lifestyle Cube Silver speaker,,New
265808511254,Plastic wall mount bracket for Bose V-100 Video Speaker - Black -Pair,,Used
265808514104,Set of 5 Wall Mount brackets For Bose Lifestyle Satellite speaker - WHITE,,New
265808632854,Bose Lifestyle 18/28/38 Satellite Speaker Wall Mount Stand Brackets - Pair,,New
255656997265,Plastic wall mount bracket for Bose 151 SE Speaker - Black -Pair,,New
255656998839,Plastic wall mount bracket for Bose Acoustimass AM-5 Speaker - Black -Pair,,New
255657000240,Plastic wall mount bracket for Bose 161 Speaker - WHITE -Pair,,New
265808653265,Plastic wall mount bracket for Bose 151SE 161 Speaker - Black -Pair,,New
255657016246,Wall Mount Brackets (Pair) for Bose 321 GS Series speakers,,New
265808659195,Metal Wall Mount bracket For Bose Cinemate GS Series II speaker - Black Single,,New
265808661486,Wall Mount Ceiling Bracket for Bose Jewel Double Cube Speaker - Pair - White,,New
255657042372,Home Theater 5.1 Speaker Cables For Harman Kardon HKTS System 9 15 16 20 30,,New
265808681816,Speaker Cable Lifestyle Soundtouch - Bare Speaker Wire to keyed connector 40ft,731,New
255657046341,Bose speaker replacement wire black 18'+ RCA to b/w,,New
255657054624,Set of 3 20-ft speaker cable for the 3 front speakers Bose Acoustimass 6 10 15,813,New
255657055622,Front Speaker Cable for Bose Lifestyle 28 - Lifestyle 18 Cable,719,Used
255657057713,02 Rear Speaker Cables for Bose Acoustimass Lifestyle - RCA to Bare Wire,,New
265808740186,Bose 3-2-1 Home Theater System Speaker Cable (Silver) - Subwoofer to speakers,1295,Used
255657076215,Genuine Bose Lifestyle Acoustimass Rear 50 Cable Speakers - White,,New
255657082351,Genuine Bose Lifestyle Acoustimass Front Cable Speakers - Silver,,New
255657085957,OEM BOSE JEWEL CUBE SPEAKER CABLE/wire 40ft,1296,New
255657088681,Set of 5 - Speaker Wire 16 Gauge for Bose Lifestyle System - RCA to Bare Wire,,New
255657094884,OEM BOSE 'JEWEL' CUBE SPEAKER CABLE/wire 20ft,1297,New
265808755310,Set of 5 - 16 Gauge Speaker Cable for Bose Acoustimass - RCA to Bare Wire,814,New
255697290727,Bose Wave Music System (Graphite Gray) - CD MP3 Player AM/FM - FREE SHIPPING,,Used
255730160470,Bose Lifestyle SoundTouch 525 Entertainment System,,Used
255730169630,Bose CineMate 520 Home Theater System,,Used
265889058332,Bose Lifestyle V25 Home Theater System 5.1 Surround Sound with iPod Dock,855,Used
255734758790,Bose Wireless Acoustimass module for Bose Cinemate 120/ Cinemate 130,,Used
265895302714,Bose Wave Music System II - Midnight Blue - with OEM Bluetooth Adapter,,Used
255739467547,"Replacement POWER TRANSFORMER for Bose Wave Music System II, III",,Used
255739471416,"POWER TRANSFORMER I/P: 120V /60Hz. 350mA O/P"" 6V /2.6A 1.9V /250mA",,Used
255773082407,Wall Mount Brackets for Bose Lifestyle V35 V30 48 Series III - Pair Black,,New
265954998491,"RCA to HDMI Converter for Bose 321 Series (III, II, I)",,New
255795023190,Component to HDMI Upgrade Kit For Bose Lifestyle AV18 AV38 AV48,,New
265955017880,Replacement 3-2-1 series II Media center only for Bose 321 II System,,Used
265955018402,Wall Mount Ceiling Bracket for Bose Double Cube Speaker - Pair - Black,,New
265958166676,Bose SoundTouch 130 home theater system - Black,,Used
265989843153,NEW Genuine Bose Universal Remote control for Bose Solo 15 / Solo 5 TV,,New
265991243706,Upgrade Kit Gemstone ES Speaker arrays and cable for BOSE 321 Cinemate I II,,Used
255829615577,Bose Single Cube Speaker for Bose Acoustimass 6 600 Lifestyle 8 800 900,,Used
255831161487,Replacement BOSE AV38 Media Center for Bose Lifestyle 38 48 Home Theater System,,Used
266014685739,Set of 5 Speaker Cables 16 Gauge for Bose Lifestyle System - RCA to Bare Wire,,New
255867159752,Bose Wireless Acoustimass module for Bose Lifestyle 135 / Soundtouch 135,,Used
255869351950,BOSE UFS-20 Speaker Stand Base Plate Set of 2 Black,,Used
266038489584,Replacement Bose Wave Music System for Bose Wave Music System Multi-CD Changer,,Used
266041114142,Bose SoundDock with Bluetooth Adapter-Series II 30-Pin iPod/iPhone Speaker Dock,,Used
255903632589,6 Speaker Cables for Bose Acoustimass 16 15 Series II - RCA to Bare Wire,,New
266070181668,Universal remote control for Bose Cinemate II GS - Cinemate 15 systems,,New
255911350980,BOSE Media Center AV28 with HDMI Output Converter Upgrade Kit,,Used
266070183131,"Bose Lifestyle 525 Series II Home Entertainment System, White",,Used
266070576144,Guitar Hero Live Wireless Guitar Controller 0000654 For PS3 With USB Dongle,,Used
266070589188,Wii Rock Band Wireless Guitar,,Used
266070594840,RedOctane Gibson Guitar Hero Guitar / SG Controller (White/Red) for PS2,,Used
266070648892,Rock Band 2 Standalone Guitar (Dongle not included) for PS3,,Used
266070685130,Replacement Guitar Hero Live Wireless Guitar Controller - Guitar Body Only PS3,,Used
266070689304,Guitar Hero 2 Guitar Controller,,Used
255911927062,Guitar Hero Aerosmith Wireless Bundle - Playstation 3,,Good
255911940884,"Guitar Hero III: Legends of Rock (Sony PlayStation 3, 2007)",,Very Good
266070715108,PS3 Guitar Hero World Tour Guitar Kit for Playstation 3 -,,Used
255919560849,Bose Wave Music System II w Bluetooth (Titanium Silver) B GRADE,,Used
266089446259,Bose Wave Music System AWRCC1 - updated firmware for Multi CD Changer,,Used
266089455919,"Universal remote control for Bose Cinemate II, Cinemate 1SR, Solo TV systems",,New
255933487063,"Bose Wave Multi-CD Changer, Graphite Gray",,Used
266089918955,"Bose Wave Music System AWRCC2 Multi-CD Changer, Platinum White",,Used
266092505743,Plastic wall mount bracket for Bose 151SE 161 Speaker - Black -Pair,,New
266102839643,Bose Wave Music System Bundle with Bose Wave Multi-CD Changer - White Cream,,Used
255967784559,Bose 269842-002 Rev.06 Billion Transformer,,Used
266152911725,Bose Wave Music System CD Player AM/FM Radio Bluetooth - AWRCC2 - FREE SHIPPING,,Used
255997565540,Bose Lifestyle V20 5.1 Home Theater System w HDMI Input/Output - Black,,Used
266166970652,"Bose Lifestyle 525 Series II Home Entertainment System w Soundtouch Adapt, Black",,Used
266171350642,Genuine Bose 2 Prong Power Cord for Bose Lifestyle PS28 18 38 48 Series III,,Used
266171356684,Genuine Bose 2 Prong Power Cord for Bose Lifestyle Soundtouch 535 523 II III,,Used
256016583517,"Bose Wave Multi-CD Changer, Graphite Gray (for Wave music system III)",,Used
256017112106,Bose Wireless Acoustimass module for CineMate® 1 SR home theater speaker system,,Used
266184145079,Bose Wave Music System CD Player Radio w Bluetooth Adapter (Free to PO Box),,Used
256026607716,"Bose Wave Music System III with Music Bluetooth Adapter , Graphite Gray",,Used
256026608853,"Bose Wave Music System III with Music Bluetooth Adapter , Silver",,Used
256026609771,"Bose Wave Music System III with Music Bluetooth Adapter , Platinum White",,Used
266197183737,Bose 5.1 Lifestyle T20 home theater system- HDMI Input/Output,,Used
266202542409,Plastic wall mount bracket for Bose V-100 Video Speaker - Black -Single,,Used
266203872490,Bose Acoustimass 10 Series III Speaker System (White),,Used
256034127410,Double Cube Speaker for BOSE Lifestyle Acoustimass Pair - White,,Used
266204206482,Double Cube Speaker for BOSE Lifestyle Acoustimass 7-Series,,Used
256036514169,Bose Smart Soundbar 300 Bluetooth Connectivity with Alexa Voice Control Built-In,,Used
266213139183,Bose Lifestyle 535 Series II Home Entertainment System,,Used
266213923136,Bose Lifestyle SA-2 amplifier with Bose Link Cable,,Used
266229058610,Bose Lifestyle 535 Series II Home Entertainment System,,Used
256055823957,Bose Wave® Music System III - Midnight Blue - with OEM Bluetooth Adapter,,Used
256064551726,Bose Lifestyle V35 Home Theater System,1397,Used
266247203484,Bose Lifestyle Stereo Amplifier AMP 1V,,Used
256065902631,"BOSE DCS91 Power Supply For Lifestyle AV18, 28, 35, 38, 48 Media Center OEM",,Used
266250540160,Genuine Bose Bluetooth Adapter for Bose Wave Music System IV III,,New
266259182959,Bose Wave Music System III 3 Disc Multi-CD Changer Power Supply,,Used
256077157962,Replacement Bose SoundLink Mini II & SoundLink Revolve Bluetooth adapter charger,,Used
256077165750,Messenger Style Travel Bag for Portable Bose Sound Dock Excellent Used Condition,,Used
266260406225,"Bose Lifestyle LS20, LS25, LS30, LS40, LS50 6 Disc CD Changer Magazine Cartridge",,Used
266260427132,BOSE CINEMATE 120 SPEAKER ARRAY SOUNDBAR SPEAKER ONLY WITH CABLE,1905,Used
266260508068,AS/IS Bose CineMate 1 SR Speaker Array Sound Bar Model 328040 Black #P0203,,For parts or not working
266260519113,Bose Wave music system II AWRCC1 AWRCC2 remote control - Grey,,Used
256079214535,Plastic wall mount bracket for Bose 151SE 161 Speaker - Black -Single,,New
256080447253,Pair of Bose Swiveling Redline Double Cube Lifestyle Acoustimass Speakers,,Used
266263002232,Bose Double Cube Speaker for Lifestyle Acoustimass Pair with Brackets (White),,Used
256080476612,5 Bose Lifestyle Double Cube Satellite Speakers (Black),1915,Used
266264106252,Bose Music Center Model 5 CD Player for Lifestyle 3 5 8 12,,Used
266264145746,Bose Mint Center Horizontal Speaker Double Cube Acoustimass/Lifestyle (White),,Used
266267648411,Bose Lifestyle RoomMate Powered Speaker,,Used
266269105366,Xbox 360 Rock Band Wireless Guitar,,Used
266286801629,Bose Wave SoundTouch Music System (Grey),,Used
266286802008,Bose Wave SoundTouch Music System (Titanium Silver),,Used
256155695152,BOSE Media Center ONLY for Bose Lifestyle® 18 28 series II III system - B grade,,Used
256168327601,Bose Professional FreeSpace 3 Series II Acoustimass Subwoofer Module (White),,Used
266358544677,Bose Professional FreeSpace 3 Series II Acoustimass Subwoofer Module (White),,New
256182386478,Replacement Bose AV 520 Control Console for Bose Cinemate 520/ Soundtouch 520,,Used
256220338318,Replacement Bose Control Console Bose AV35 for Bose Lifestyle V25 V35 135,1130,Used
256225249796,Bose LS12IIBLK Lifestyle 12 Series II Home Theater System (Black),,Used
256243616652,Bose Acoustimass 6 Series III Black Home Theater Speaker System,,Used
266440295810,Bose Lifestyle 28 Series III 5.1 Channel Home Theater System - Black,,Used
266441797055,Replacement Bose Control Console Bose Lifestyle Soundtouch 535 525 System,,Used
256269721640,NEW Genuine Bose Universal Remote control for Bose Solo 5 TV,,New
266505496050,Bose Wave Music System CD Player AM/FM Radio w Bluetooth Adapter AWRCC1,,Used
256324632926,Bose Wave - Audio System - Radio / Cd - Graphite Gray - with Bluetooth Adapter,,Used
256326258493,Bose Wave Music System CD Player AM/FM Radio w Bluetooth (Titanium Silver),,Used
266544853259,Very Rare Xbox 360 Wired Guitar Demo Kiosk Guitar Hero World Tour - NEW,,Open box
256333168276,Bose Wave Music System 3Disc Multi-CD Changer Accessory For Parts or Repair,,For parts or not working
266581058809,"Replacement Circuit Board CROSSOVER PCB ASSY , ROHS for Bose 151 SE",,Used
266610804199,Bose Wave Music AWRCC1 AWRCC2 Main Motherboard Circuit Board 283027-001,,Used
266621366221,Bose Wave® Music System III - Midnight Blue - with USAV OEM Bluetooth Adapter,,Used
256389265170,Bose Acoustimass 10 Series V Home Theater Speaker System - Black,,Used
256389271097,Bose Wave Music System IV (Espresso Black) w Bluetooth Adapter,,Used
256389303056,Guitar Hero 5 Bundle for Playstation 3 PS3,,Very Good
266642709378,Bluetooth Upgrade Kit for Bose Lifestyle V25 AV35,1763,Used
266659543061,Bose Lifestyle Subwoofer (Black) For Lifestyle V10 V20 V30 T20 V25 V35,,Used
256407621405,Bose SoundTouch 10 Wireless Music System Model 416776 - Black,,Used
256411575861,Bose SoundDock Amplifier Board OEM 276992-001 for Sounddock Series I,,Used
266672835679,Wii Guitar Hero World Tour - Stand Alone Guitar,,Used
266673387310,"Replacement GRILL, FRONT for Bose SoundTouch 10 Wireless",,Used
266686663553,"Replacement PCB ASSY, LS235, POWER SUPPLY , for Bose Lifestyle 235",,Used
266701586582,Bose Wave Music CD Player AM/FM Radio w Bluetooth Adapter,,Used
266721546341,Bose Soundbar + Wireless Base Module Cinemate 130 home theater system - Black,,Used
266728086497,Bose Jewel Cube Speaker White with adapter for Lifestyle 28 30 V30 35 48 V35 535,,Used
256454168240,Bose Wave Music System Multi-CD Changer Titanium Silver In ORIGINAL BOX,,Used
256454172905,Bose Lifestyle 18 Series lll 5.1 Channel Home Theater System w/SL2 Wireless Link,,Used
266736078739,Bose Wave Music System CD Player - Graphite Gray (AWRCC1) FREE SHIPPING,,Used
266739048462,Bose Wave - Audio System - Radio / Cd - Cream White - with Bluetooth Adapter,,Used
266739069278,Bose Wave Music II AWRCC1 Main Motherboard Circuit Board 283027-001,,Used
266742454657,Bose Wave Music System 3-Disc Multi-CD Changer Accessory Sold As-Is,,For parts or not working
256467723137,Bose Wave Music System 3-Disc Multi-CD Changer Accessory FOR PARTS ONLY,,For parts or not working
266755209622,Bose Wave Music System (Graphite Gray) - ASIN: B0002ZLYYY,,Used
266755227909,Bose Wave Music System (Graphite Gray) - CD MP3 Player AM/FM,,Used
256484087947,Bose Wave Music System with Bluetooth Adapter (Cream White) - FREE SHIPPING,,Used
256490561041,Bose Wave Music System II CD Player AM/FM Radio - Model AWRCC2 - FREE SHIPPING,,Used
266783662506,Bose Wave Music System AWRCC1 - CD MP3 Player AM/FM Bluetooth - FREE SHIPPING,,Used
266800621389,Bose Acoustic Wave Music System II - Bose Bluetooth Adapter Kit Only,,Used
256503986993,Bose Lifestyle V35 Home Theater System (White),,Used
266817365151,"Bose Wave Music System AM/FM Radio w 3 Disc Multi CD Changer, Remote works 100%",,Used
256517881061,"Bose Wave Multi-CD Changer, Silver (for Wave music system IV)",,Used
256519208241,VINTAGE BOSE WAVE SYSTEM III & MULTI CD CHANGER TITANIUM SILVER IN BOX,,Used
266824641069,Bose Solo 5 TV Sound System - Black - Includes Remote - w Bluetooth,,Open box
256528220780,Bose Soundlink Color Carrying Case Grey,,Used
256543635162,Refurbished Bose Wave Music System CD Player Clock Radio Bluetooth Remote AWRCC1,,Used
266864814519,Bose Acoustimass 25 Speaker System Subwoofer Bass Lifestyle System (Black),,Used
256556136927,"Bose Wave CD-3000 , 5 Multi-DiscChanger Add ON Accessory for the CD-3000 radio.",,Used
266889574870,Replacement Bose Control Console for Bose Soundtouch 130 | Bose Cinemate 130,,Used
256562394148,Bose Acoustimass 30 Speaker System Subwoofer Bass Lifestyle System (Black),,Used
256562395475,"Bose Wave Multi-CD Changer, Graphite Gray (for Wave music system IV)",,Used
266892175280,Bose Wave Music System II with Bluetooth Adapter (Cream White) - FREE SHIPPING,,Used
266906654888,BOSE UFS-20 Speaker Stand Base Plate Only - SIngle,,Used
256613625053,Bose Lifestyle PS28 Subwoofer (Black) For AV28 AV18 AV38 With 9-pin Cable,,Used
266968345932,Bose Wave Music System CD Player AM/FM Bluetooth - AWRCC2 -CREAM - FREE SHIPPING,,Used
256628666821,Plastic Display Lens/Screen cover Cover Part for Bose Wave Music system III / II,,Used
266979331862,Bose CineMate Digital Home Theater Speaker System with Optical Input,,Used
267014967302,Bose SoundTouch 520 Home Theater System,,Used
267014972031,Bose Lifestyle Subwoofer (Black) For Lifestyle V20 V30 T20 V25 V35- B Grade,,Used
256685916193,Bose CineMate 120 Home Theater System - Black,,Used
267084923072,Bose Wave Music System AM/FM CD Player Clock Radio Bluetooth Remote AWRCC1,,Used
256770620262,Replacement Bose AV 130 Control Console for Bose Cinemate 130/ Soundtouch 130,,Used
267113638786,Bose Wave Radio II with OEM Bluetooth Adapter - FREE SHIPPING,,Used
256791581665,Bose Wave SoundTouch Music System IV CD Radio Wi-Fi Bluetooth Espresso Black NEW,,New
256796704444,Guitar Hero III Legends of Rock Wired Bundle (Game & Guitar) for Playstation 2,,Good
267139600835,PS2 Guitar Hero III Legends of Rock Wired Bundle w Game for Playstation 2,,Good
256799583086,Replacement Bose Subwoofer For Lifestyle 18 28 38 48 Series III,,Used
267166520104,Bose CineMate 1 SR Digital Wireless Home Theater Subwoofer - Tested works,,Used
256827080698,Bose Wave Radio II with OEM Bluetooth Adapter- Platinum White - FREE SHIPPING,,Used
267166531903,Bose Wave Multi-CD Changer 3 CD Slots for Bose Wave music system IV,,Used
256827182531,Bose Wave Music AWRCC1 AWRCC2 Main Motherboard Circuit Board 272146-001,,Used
256846233434,Wall Mounts Bracket-Pair Set For SONOS ONE Speaker,,New
256857543088,Replacement Bose Control Console for Bose Lifestyle V25 V35 235 135,01130-N,Open box
267225881700,Bose Acoustimass 3 Series II Speaker System,,Used
267227846481,Bose 201 Series IV Bookshelf Speakers - Black,,Used
256911568314,Metal Wall Mount bracket For Bose Lifestyle speaker - Black Single,139,New
256911660175,Replacement Bose AV 130 Control Console for Bose Cinemate 130/ Soundtouch 130,,New
256915858008,NEW Bose Wave Bluetooth Music Adapter For Bose wave music system IV,,Open box
267240005163,"Bose Wave SoundTouch Music System IV, CD, AM/FM Radio Bluetooth -in Brown Box",,Open box
267240582507,"Bose Wave Multi-CD Changer, White (for Wave music system III)",,Used
256918740167,Bose CineMate 520 5.1 Jewel Speakers Home Theater System,,Used
256920162742,Metal Wall Mount bracket For Bose Cinemate GS Series II speaker - Black Single,166,New
256925033127,Bose Wave SoundTouch Music System IV Audio CD FM AM Radio Wi-Fi Bluetooth Black.,,Open box
256925037170,Bose Wave SoundTouch Music System IV Audio CD AM/FM Radio Wi-Fi Bluetooth Silver,,Open box
256926049785,Bose Wave Radio Music System AM/FM Bluetooth CD Player Model AWRC1G,,Used
267276947771,Replacement NEW Bose Control Console Bose Lifestyle Soundtouch 535 525 System,,Open box
267285801385,BOSE ACOUSTIMASS 6/10/15 III IV V SUBWOOFER System Input Cable,,Open box
256970350663,Bose Acoustimass 6 Series V Home Theater Speaker System -White Satellite Speaker,,Used
267286963741,Replacement Bose AV 520 Control Console for Bose Cinemate 520/ Soundtouch 520,,New
256984945645,Bose TA-2 Theater Amplifier BUILT-INvisible for Lifestyle 18 28 38 48 Subwoofer,,For parts or not working
256997144642,Bose CineMate 5.1 Jewel Speakers Home Theater System - Wireless Bass Module,,Used
257011250009,Replacement Amplifier Module for Bose Lifestyle 28 38 48 Subwoofer,,Used
257011257555,DEFECTIVE Amplifier Module for Bose Lifestyle 28 38 48 Subwoofer,,For parts or not working
267325648063,Bose soundtouch controller for Bose Soundtouch SA-4,,Used
257069307559,Bose Acoustimass Bass Module For Lifestyle V20 V30 T20 V25 V35- B Grade,,Used
267377000216,Bose 251 Environmental Speakers Pair Black NEW with Brackets (Pair),,New
257086062118,Bose UB-20 Series II Wall/Ceiling Mount - Black,,New
257103550915,Bose Acoustimass 6 10 15 series I II III IV 5.1 Subwoofer link Cable Wires,,New
257132789924,Bose Wave Music System with Multi-CD Changer - Graphite Grey (Black),,Used
267422994690,Bose Wave - Audio System - Radio / Cd - Graphite Gray B00021Y9N6,,Used
257150466961,Ribbon Cable for Bose Sounddock 10 310376-002 REV 01,1614,Used
267451129504,Bose Bass Module 700 For Smart Soundbar 300 500 700 900,,Used
267452232373,"Circuit Board SOUNDTOUCH 30, 120V, for Bose Soundtouch 30 II III 353846-0080",3701,Used
267452251780,"Bose Bass Module 700 - Black- Wireless, Compact Subwoofer",1640,Used
257181801898,"Bose Bass Module 300 - Black- Wireless, Compact Subwoofer",1810,Used
257181812412,New Bose Lifestyle 600/650 Rear Speaker Cable 2-Pin 757605-0010 Black,,New
267452932417,Bose Lifestyle Remote Control RC28S2-27 For Bose AV28,1198,Used
257183150597,BOSE JEWEL CUBES SINGLE SPEAKER - BLACK,724,Used
257183161582,Bose Lifestyle 35 Home Entertainment System Black DVD/CD,860,Used
257183162168,New Replacement Bose AV 520 Control Console for Bose Cinemate 520/ Soundtouch,,New
267453094589,BOSE JEWEL CUBES SINGLE SPEAKER - WHITE,1403,Used
267453116657,Bose 3-2-1 interface Cable 262069-001 Bass Module 25',741,Used
257183270100,Bose Lifestyle 38 Series IV Home Entertainment System - Black,919,Used
257183278456,Bose Acoustimass Cube Speaker,4907,Used
257183283368,Bose CineMate Digital 2.1 Channel Home Theater Speaker System - New Open Box,00974-N,Used
257183287117,BOSE Wave Music System Integrated Touchpad Control IC-1,1168,Used
257183287955,Bose 40' Speaker Cable for CineMate II System or 321 System,3758,Used
267453825010,Bose SoundLink Bluetooth Mobile Speaker II,5043,Used
267453827953,Bose SoundDock Series II Digital Music System (Red),988,Used
267453833598,Bose 260351-102 Audio Input Cable 30ft. RJ45 - DIN8 for Lifestyle 28,1888,Used
267453835302,Bose Lifestyle V10 home theater system,912,Used
267453837065,Bose SoundDock Series II Digital Music System,4773,Used
267453838780,Bose Wave - Audio System - Radio/Cd - Graphite Gray,4886,Used
257184170326,Bose Wave Music System with Multi-CD Changer - Titanium Silver,962,Used
257184184827,Bose (R) UB-20 Wall Bracket for Bose Cube Speaker - Black,960,Used
257184186210,Bose Acoustic Wave Music System CD Player (CD3000),8,Used
257184195892,Bose 201 Series IV,1246,Used
267453871494,Bose 321 Series II Home Entertainment System DVD Speaker Package,3764,Used
267453873768,Bose Sounddock Portable Black Digital Music System for the iPod,4768,Used
257184200033,Bose Smart Ultra Atmos Soundbar System w/ Bass 700 & Surround 700,4891,Used
267453881355,BOSE Lifestyle V30 Home Theater System - White,854,Used
267453897657,Bose Lifestyle 38 DVD Home Entertainment System w/ 5 Speakers & Remote,921,Used
257184217246,NEW Bose SoundTouch II remote control,27,New
257184231419,Bose WB-10 (Black) Wall brackets for Bose Model 151 speakers,4769,Used
257184231821,Bose Lifestyle PS28 III Subwoofer (Black) For AV28 AV18 AV38,1917,Used
267453910439,Bose Wave 3 Multi CD Changer CD Processor PCB AWRCC1/2 292328-001,4734,Used
257184237943,Bluetooth transmitter Adapter for Bose Wave CD Player to BOSE Bluetooth Speakers,01791-2,Used
257184238357,Bose SoundDock Digital Music System,965,Used
267453924211,Metal SlideConnect Wall bracket For Bose Jewel Cube Series II - Pair,117,Used
267453926469,BOSE Control Pod 9 Pin for Companion 3 Series II,1629,Used
267453928696,Bose AV20 Console Only For Lifestyle T20 System,1899,Used
257184255429,Bose Lifestyle PS28 III Subwoofer (Black) For AV28 AV18 AV38,1917,Used
267453963763,BOLS283B - Bose Lifestyle-28 Series III Home Theater System (Black) - 526,949,Used
267453966749,Bose SoundTouch 20 Series II Wireless Music System (Black),,Used
267453970413,Bose Acoustimass 300/700 Bass Module Subwoofer Driver,5047,Used
267453974763,Bose T4S toneMatch Mixer,4897,Used
267453976281,BOSE JEWEL premium DOUBLE CUBE SPEAKER BLACK,724,Used
257184302400,Top Control Panel Key Pad For Bose Wave Radio,1048,Used
267453978285,Wall Mount Brackets Black (Pair) for Bose Companion 5 Satellite Speakers,1310,Used
257184305702,Bose Music Amplifier Speaker amp with Bluetooth & Wi-Fi connectivity,3990,Used
267453983078,Lot of 3 - Bose 321 Series II Media Center Consoles,1712,Used
267453984212,Bose Smart Dolby Atmos Soundbar with Alexa & Google Assistant (Black),4889,Used
267453987000,2 Pair of BOSE Double Cube Speaker Black 2nd generation with wall mount brackets,695,Used
257184327576,Replacement Ear Pads Headband for Bose QuietComfort QC25 QC35 QC45 Headphones,4863,Used
267453995799,Silver Speaker Cable for Bose 3-2-1 or Cinemate I II System Subwoofer to Speaker,1295,Used
267454005566,BOSE Wave Multi-CD Changer Main Board - 280439-001,1613,Used
257184366523,"Bose 201 Series III, IV, V Replacement 6.5"" Subwoofer Driver",4876,Used
267454012491,Replacement CD Processor PCB for Bose Wave Awrcc1 Awrcc2 269837-001,1200,Used
257184428715,BOSE (R) 5.1 Lifestyle 48 Series III DVD Home Entertainment System (Black),794,Used
267454019081,Bose Universal Table Stand for Bose Lifestyle Surround Speakers (single stand),01410-2,Used
267454021325,Replacement Bose 151 Speaker Driver,1359,Used
257184468271,Bose Companion 3 Multimedia Speaker System - Graphite / Silver,983,Used
267454027618,Bose SoundLink Mini II Replacement Charging Cradle - Carbon,1171,Used
257184483450,S-Video to HDMI Converter Kit for Bose Lifestyle AV18 AV28 AV38 AV48 Upgrade,1218,Used
267454047508,Bose Jewel Cube II Center Channel Speaker for Lifestyle Systems,5026,Used
257184511614,Bose Wave Music II AWRCC1 AWRCC2 Upgrade Kit for Bose Wave Soundlink Adapter,4740,Used
257184523965,Bose UFS-20 Speaker Stand Parts Mounting Bracket Adapter for Bose Cube Series II,1193,Used
267454060770,"Bose Soundbar 500, TV Speakers with Alexa Voice Control Built-in, Black",868,Used
267454065649,USAV Bluetooth Adapter for Bose Acoustic Wave Music System II CD-3000 Wave Radio,01791-9,New
267454067037,Replacement Amplifier Module for Bose Lifestyle PS28 PS38 PS48 Series III,1136,Used
267458819875,Bose CineMate 15 Home Theater Soundbar System Deep Bass Easy Setup,844,Used
257191549947,"Bose RC-18S Expansion Remote Control for Lifestyle 18, 28 & 35 Systems",978,Used
257191550211,Bose Lifestyle 38 Series IV Home Theater Sound System Black Complete,919,Used
267458992979,Bose SoundTouch 30 Series III Wireless Speaker WiFi Bluetooth,1370,Used
267458993035,Bose SoundDock 10 Digital Music System Dock Speaker w/ Remote,975,Used
267458993073,Bose 40390 SL2 Wireless Surround Link for Lifestyle Acoustimass Systems,93,Used
267458993124,Bose VCS-30 Series II Center/Surround Speaker System - Black,865,Used
267458993208,Bose Acoustic Wave Music System CD-3000 Graphite Grey Black,993,Used
267458993223,Bose Lifestyle SoundTouch 135 Home Theater Soundbar System,869,Used
257191552067,Bose Control Console Replacement for Lifestyle Soundtouch 535/525/235/135,1217,Used
257191552285,Bose CineMate GS Series II Digital Home Theater Speaker System 2.1,746,Used
257191552472,Bose Acoustic Wave System II 5-CD Changer Graphite Gray,1367,Used
257191552853,Bose Acoustimass 6 Series V 5.1 Home Theater Speaker System Black Refurbished,1409,Used
257191553212,Bose Lifestyle 35 Series IV DVD Home Entertainment System - Black LS35IV-BK,796,Used
257191553580,"Bose Cinemate Remote for 120, 130, 520 Soundtouch Systems",5057,Used
267458993604,"Bose Surround Speakers, White - Wireless Surround Sound for Bose Soundbars",4990,Open box
257191565182,Bose Computer MusicMonitor Silver Desktop Speakers,1889,Used
257191568048,Bose LSPS Powered Subwoofer Lifestyle 18 28 35 38 48,26,Used
257191602331,"Bose Bass Module 500 - Compact Wireless Subwoofer, Black",1384,Used
257191602544,Bose SoundTouch 130 Home Theater System Black - Soundbar & Wireless Acoustimass,1780,Used
257191602798,Bose Link AL8 Wireless Audio Link Transmitter Receiver Homewide Sound System,1812,Used
267459008359,Bose Acoustimass 10 Series V 5.1 Home Theater Speaker System Black,1927,Used
257191603195,Bose 321 GSX Remote Control for AV 3-2-1 GSX Series II III Media Center,149,Used
267459008442,Bose Solo 15 Series TV Sound System - Works Perfectly,3745,Used
257191603561,Bose QuietComfort ANC Earbuds True Wireless Bluetooth Mic IPX4 Black,4910,Used
257191604110,Bose SoundTouch 20 Wireless Speaker 738063-1100 Black Alexa Compatible,5021,Used
267459008622,Bose Universal Remote for Solo & CineMate Systems - Tested & Working,5058,Used
257191604686,Bose UTS-20 Universal Table Stand Speaker Mount Black NEW,1410,Used
267459008728,Bose Wave Radio Clock Radio Platinum White CD MP3 Tuner,00007-W,Used
267459008899,Bose Lifestyle 35 Home Entertainment System LS-35WHITE White DVD/CD,786,Used
267459009111,Bose Lifestyle T20 Home Theater System - Black 5.1 Surround Sound,856,Used
257191607062,Bose 151 SE Environmental Outdoor Speakers White Stereo Everywhere,00999-W,Used
257191607617,Bose 321 Series II Subwoofer - Tested & Working,5,Used
267459009622,Bose Lifestyle V20 5.1 Home Theater System Black Surround Sound,1030,Used
257191608239,Bose Lifestyle 535 Series II Home Theater Surround Sound System,792,Used
267459010104,Bose UFS-20 Universal Floor Stands Pair White Cube Speaker Mounts,1062,Used
267459010177,Bose CineMate 120 Soundbar Home Theater System Black - Refurbished,862,Used
257191609645,Bose SoundTouch SA-4 Amplifier Black - Wireless Streaming Audio Receiver,1709,Used
257191609920,Bose SoundLink Color Bluetooth Speaker - Blue Wireless Portable,04915-Bl,Used
257191610139,Bose Acoustimass Horizontal Cube Center Speaker - Black,959,Used
267459010323,Bose 151 Indoor/Outdoor Speaker Pair - White,961,Used
267459010354,Bose SoundLink Color Bluetooth Speaker Red Portable Wireless,04915-R,Used
267459010396,Bose Wave WiFi SoundTouch Pedestal Titanium Silver for Wave Music System III,3781,Used
257191611747,Bose Acoustimass 16 Series II Home Theater Speaker System Black,948,Used
257191611947,Bose Acoustimass 10 Series IV Home Theater Speaker System Black,800,Used
257191612177,Bose 321 GS Series II DVD Home Entertainment System Graphite Refurbished,908,Used
267459010478,Bose CineMate 10 Home Theater Speaker System Soundbar Acoustimass Module,863,Used
267459010512,Bose SoundDock Series III Digital Music System w/ Lightning Connector,1394,Used
257191613192,"Bose Personal Music Center III Remote for Lifestyle Systems, Excellent Condition",4783,Used
257191613548,Bose SoundTouch SA-5 Amplifier Black 737253-1110 Wi-Fi Bluetooth Alexa,5016,Used
257191613980,Bose Lifestyle Remote RC38T1-27 for AV38/AV48 Media Center,78,Used
257191614461,Bose CineMate Series II 2.1 Digital Home Theater Speaker System,16,Used
257191615617,Bose Lifestyle 600 Home Theater System - 5.1 Surround Sound - White,01892-W,Used
257191616014,Bose Surround Speakers for Home Theater Soundbars (Black),1637,Used
267459010906,Bose SoundTouch Stereo JC Wi-Fi Music System w/ Jewel Cube Speakers & Adapter,1774,Used
267459011240,Bose Lifestyle RoomMate Powered Speaker System 40172 Black Expansion Speaker,1924,Used
267459011447,Bose CineMate 520 Home Theater Sound System 5.1 Surround Sound,1775,Used
257191636369,"Bose Smart Ultra Soundbar Dolby Atmos Wireless Speaker with Alexa, White",4900,Used
257191636719,Bose Solo TV Sound System,843,Used
257191636865,Bose Solo 10 Series II TV Sound System,1396,Used
267459020203,Bose 161 Speaker System Pair Black Bookshelf/Wall Mount Speakers,04902-Bk,Used
267459020243,Bose Portable Smart Speaker Black Wireless Bluetooth Alexa Built-In,1237,Used
267459020324,BOSE 201-V Stereo Loudspeakers Pair,1257,Used
257191637659,Bose Companion 5 Multimedia Speaker System - Graphite/Silver,1929,Used
267459020438,Bose 40172 Lifestyle RoomMate Powered Speaker System Arctic White,1882,Used
257191638166,Bose Companion 2 Series I Multimedia Speaker System,5005,Used
257191638338,Bose SoundTouch 10 Wireless Speaker Works with Alexa Black,01894-Bk,Used
257191638526,Bose VCS-10 Center Channel Speaker Silver Home Theater,1280,Used
257191638673,Bose Smart Soundbar 300 & Bass Module 500 Black,1814,Used
267459020888,Bose Wave Premium Backlit Remote,1393,Used
257191670733,Bose Companion 2 Series III Multimedia Speakers Black PC AUX,1103,Used
267459335004,Bose TV Speaker Subwoofer Add-On - Bose Bass Module,1384,Used
267459883600,Bose Acoustic Wave II 5-CD Changer for Music System II White w/Remote,1777,Used
267460044742,Bose Lifestyle PS 28 III Dual Voltage Powered Subwoofer T20 V20 V30,1886,Used
257193074155,"BOSE SoundLink Mini Bluetooth Speaker - Deep Bass, Compact Portable",1134,Used
257193074172,Bose Solo 5 TV Soundbar System with Universal Remote - Black,836,Used
267460045001,Bose Acoustimass 5 Stereo Speaker System - Black - Refurbished,1925,Used
267460045030,Bose SoundDock XT Speaker System for iPhone/iPod - White/Dark Gray,967,Used
257193074631,"Bose SoundTouch 10 Wireless Speaker - White, Works with Alexa",01894-w,Used
267460045364,Bose 141 Bookshelf Speakers Pair Fullrange Grey,976,Used
257193074735,Bose TV Speaker Soundbar Bluetooth HDMI-ARC Black,873,Used
267460450000,NEW Bose SoundTouch 30 Series III Wireless Speaker WiFi Bluetooth,1370,New
257202937526,Bose 40ft speaker cable for Cinemate I II System or Bose 321 System,,Open box
257219649641,Set of 2 Bose Rear Satellite Speakers with 40FT Speaker Cable,,Used
267488496273,Bose Sounddock 1 AC Adapter Power Supply PSM36W-208 18V,1663,Used
257226292523,Bose Wave Music System AM/FM CD Player Clock Radio Bluetooth W Remote AWRCC1,,Used
257226304041,Steel Wall Mounting Bracket - Bose 251 Black Speaker - Single,5027,New
257244062190,Bose Power Adapter Supply for Lifestyle Control Console AV35 AV20,1770,Used
257283863804,Bose Wave Music System IV Bundle with Bluetooth Adapter II (Platinum Silver),1385,Used
257283871239,Bose Wave Music System IV Bundle with Bluetooth Adapter II (Espresso Black),00106-B-BT,Used
257318451180,Replacement AUX Input Jack Port Part for Bose Wave Music System IV,,Used
257318513653,Replacement AUX Input Jack Port Part for Bose Wave Music System AWRCC1 AWRCC2 II,,Used
267551948751,BOSE ACOUSTIMASS 6/10/15 III IV V SUBWOOFER System Input Cable Black,,Used
267553375403,Bose V35 Console Upgrade Kit for Bose Lifestyle V30 V20 28 38 48 Series III IV,,Used
257321646368,02 Bose Double Cube Speaker for Lifestyle Acoustimass w Plastic Brackets (White),,Used
267553705015,Bose 727012-1300 Bluetooth Audio Adapter - New,,New
257322253903,Bose SoundTouch SA-5 Amp w/ Bose 151 Outdoor Speakers Bundle Black,,Used
267553883966,Replacement Control Console AV20 Unit for Lifestyle T20 T10 System,1899,Used
257336414952,Amplifier Module for Bose Lifestyle LSPS PS18 PS28 PS38 PS48 Subwoofer,,Used
267568435726,Bose Wave SoundTouch Music System IV Wi-Fi Bluetooth Pedestal 412534-SM2 NEW,,Open box
267568446815,Bose Wave SoundTouch Music System IV Wi-Fi Bluetooth Pedestal 412534-SM2,,Used
257357424552,Replacement ribbon cable for CD drive Bose Music Wave System,4794,Used
267574634314,Bluetooth WiFi SoundTouch Pedestal for Bose Wave Music System III IV - White,,New
267575510321,Replacement PCB Board Rear Panel for Bose Acoustimass 10 Subwoofer Series III,,Used
267575510933,Bose SoundDock Series II 30-Pin (Silver) w Bluetooth Adapter,,Used
257359056678,NEW Wi-Fi Bluetooth Pedestal for Bose Wave Music System III IV,,Open box
267575574173,Bose Lifestyle 535 Series lll Home Theater System (BLACK),,Open box
267575583300,"CD Jewel Cases Slimline 5.2mm, Single 1 Disc, Black, Pack of 100",,New
257363770620,Fully Refurbished Bose Wave Music System CD Player AM/FM Radio Bluetooth AWRCC1,,Used
257368431418,Bose Wave Music System IV Bundle with Bluetooth Adapter II (Platinum Silver),1385,Used
257370275978,Bose SoundDock 10 remote control,31,Used
257387972781,Bose Surround Speakers 700 Black,01815-1,Used
257393171275,Bose 151 Environmental Speaker Pair with Brackets (Black),,Used
257393191543,Bose Wave Music System III with Multi-CD Changer - Graphite Grey,,Used
257393193188,Bose RC18T1-27 Remote Control for Lifestyle AV18 Media Center,,Used
257397079911,"WB-3 Wall Mount Bracket for Bose 201 301 – Single Speaker, Black, w Screws",,New
267598590933,Bose Lifestyle VS2 Video Enhancer,,Used
267600170060,Replacement PCB CD Processor Board Bose Wave Music System For Parts,,For parts or not working
267600638958,"Bose 301 Series IV (Pair, genuine walnut)",1658,Used
257401988805,Bose 301-V Stereo Loudspeakers (Pair) - Black,1380,Used
257402005791,"Bose 301-V Stereo Loudspeakers (Pair, Cherry)",1644,Used
257402035582,"Bose 301 Series IV (Pair, Black)",1381,Used
257402173400,Bose Companion 2 Series II Multimedia Speaker System,4898,Used
257415166649,Bose Wave Music System III with Soundtouch Bluetooth Pedestal - Midnight Blue,,Used
267614995803,Bose Companion 2 Series III Multimedia Desktop Laptop PC Speaker System - NEW,,New